id,texto,evaluador_a,evaluador_b
1,"La banqueta que está afuera de la ESANS, Escuela Secundaria Anexa a la Normal Superior, calle Ribera de San Cosme N°83, Alcaldía CUAUH. C.P 06400 toda llena de basura hiedra y sobre todo plaga de ratas y ratones! ojalá se atienda pronto por el bien de los estudiantes y pestones",Recolección de basura,Recolección de basura
2,"2. También en la alcaldía La Magdalena Contreras, Col. Cuauhtémoc, C.P. 10020.
Escombro y bache en la Calle Presa, casi frente al No. 19A, entre Guillermo Prieto y Luis Cabrera. Gracias.",Baches y pavimento,Baches y pavimento
3,"Qué maravilla la eficiencia de

,

y

. En Av. Santa Lucía, Fracc. Industrial San Antonio, frente a la Torre Tornel, estos árboles siguen esperando atención. No se pide ningún favor: únicamente que hagan su trabajo.",No es posible determinar,No es posible determinar
4,"Solicitamos su apoyo para realizar limpieza en la Av 1ero de mayo
Casi esquina con calle 4. Llevamos meses reportando que la gente llena de basura la calle y no nos dan atención para limpieza. Por los edificios que construyen hay más basura",Recolección de basura,Recolección de basura
5,"les pedimos intervenir en este problema de salud pública que tenemos en Andrés Molina Enriquez frente a 2916, los c trabajadores de los camiones de recolección de

en horario de trabajo tiran basura sobre la calle",Recolección de basura,Recolección de basura
6,"Las cuatro esquinas de la glorieta de la Diana
https://
maps.app.goo.gl/4YRMGvhzAKibrc
T29?g_st=ac
…
Rampas que sean Amplias / Funcionales para peatones y ciclistas, otra es la de Calle Varsovia y también en las cuatro esquinas del Ángel misos petición, CP 06500 qlc y col Cuauhtémoc.",No es posible determinar,No es posible determinar
7,de su apoyo para el repintados del paso peatonal en el cruce de Félix cuevas con Gabriel Mancera así como señalización de ceder el paso ya que es un peligro cruzar ahí urge la atención,No es posible determinar,Baches y pavimento
8,Reportado este campamento también múltiples veces diagonal 20 de noviembre desde Bolívar hasta Lorenzo boturini,Seguridad,Seguridad
9,"Podría

levantar un folio para que confinen los 20 mts de Lieja desde Hamburgo a av Chapultepec antes de que ocurra un accidente y una bici blanca

es un peligro para ciclistas, se estaciona a esperar los de torre

o",Seguridad,Seguridad
10,"podrías levantar un folio para que las rampas junto a cocloestaciones se amplíen y/o construyan para acceder a ellas desde las laterales de Reforma de los leones al caballito

por qué están mal ubicadas",Seguridad,Baches y pavimento
11,"Buenas tardes,

podrían levantar x favor el reporte de Sevilla pasando Reforma con este bache

lleva 2 semanas ahí y sigue creciendo",Baches y pavimento,Baches y pavimento
12,URGE FUGA AV C SERDAN65 AGUA SOTO GAMA UH EMILIANO ZAPATA 04919 COY A,Fuga de agua,Fuga de agua
13,"Fuga de aguas negras frente a la parada Calle 22, frente al 633 de Revolución, San Pedro de los Pinos, 03800",Fuga de agua,Fuga de agua
14,hice recargas en mi tarjeta de movilidad en la app y no se refleja las recargas pésimo servicio en dónde lo puedo reportar,No es posible determinar,No es posible determinar
15,"Este puesto tiene permiso para tener dos tanques de gas en vía pública?
Quién es culpable si explotan?
No tiene ni un mes que explotó uno aquí cerca.
Es la esquina de Insurgentes y Baja California en Roma Sur.",Seguridad,Seguridad
16,"Buena tarde, los reportes de transporte público y taxis deben ser realizados ante

para que sean atendidos, este se genera a través de

. Saludos.",Desechar,No es posible determinar
17,"Tengo una solicitud de bacheo y la

la atendió a medias, ofrecen regresar pero cierran las solicitudes diciéndo que fueron atendidas, la

está peor de omisa",Baches y pavimento,Baches y pavimento
18,"Nos pueden apoyar a reparar esos baches
En calle renacimiento entre Aquiles Serdán y Av de las culturas

https://
maps.app.goo.gl/FtVguBYD5Pqfkf
Du5?g_st=ac
…",Baches y pavimento,Baches y pavimento
19,"Un bache de grandes dimensiones afecta la circulación en el cruce de Fuente de los Molinos y la avenida Unión, colonia Rincón del Pedregal, alcaldía Tlalpan.

Sigue la señal por
https://
nmas.com.mx/en-vivo",Baches y pavimento,Baches y pavimento
20,"sobre Av. Cuauhtémoc y La Morena, registros de soldados, una dovela salva a los automovilistas de no caer ahí e irse pues los registros son grandes en la

urge tu atención",Baches y pavimento,Baches y pavimento
21,"Atencion

la unidad 22089 venia haciendo tiempo deliverado en la ruta que va a Rosario, desde av vallejo a vueltade rueda xq terminaba en glorieta camarones, esto hoy 21/09/26 desde las 11:30 hrs.",Seguridad,Seguridad
22,Buen día me pueden generan un folio para desasolve en Gral.mariano Escobedo afuera del entre lago Garda y Felipe Carrillo Puerto,Fuga de agua,Fuga de agua
23,"buen día no sé que autoridad sea la responsable del mantenimiento de las jardineras en las banquetas y el camellón que divide los carriles de la av rivera de San Cosme pero ya está muy crecida tiene mucha hiedra, basura y está generando fauna nociva",No es posible determinar,Recolección de basura
24,"VIOLACIÓN a LCC_CDMX art. 28, LEM_CDMX, RT art. 30 y 34 Refaccionaria PEREZ INVADE Arroyo Vehicular Banqueta Cebra Peatonal para ampliar actividad comercial Juventino Rosas 19 y 20 ñ reparando carros",Seguridad,Seguridad
25,"VIOLACIÓN a LCC_CDMX art. 28, LEM_CDMX, RT art. 30 y 34 Taller Mecánico INVADE Arroyo Vehicular Banqueta Cebra Peatonal para ampliar actividad comercial Juventino Rosas 55 servicio Zarco reparando carros en batería",Desechar,Seguridad
26,"Pues es circuito interior al cruce con constituyentes sentido norte carril central, sobre el puente, no puedo detenerme a tomar fotos, es vía de acceso controlado, es muy difícil localizar eso?",Desechar,Desechar
27,Hola buenos días. Fue en la autopista urbana norte justo en la caseta san Antonio-Alencastr (así aparece el ticket de cobro) no estoy segura pero creo que el CP es 01180,Desechar,Desechar
28,"Buen día. Ya se abrió nuevamente el hoyo que tapan y se abre regularmente, sobre Patricio Sanz, entre eje5 y San Borja, frente a los números 912/910/909/907

se agradecerá su pronta atención",Baches y pavimento,Baches y pavimento
29,"Buenos días

Si nos pueden apoyar para agilizar la atención del SUAC-2508264589091, aparece como aceptado, pero nos gustaría saber ¿cuando se va a atender?
Gracias",Desechar,Desechar
30,"""Post diario hasta que

y

le digan a su ruta de Aeropuerto y Mixcoac que deje de desviarse por Ermita como si no necesitáramos las paradas de Churubusco"". Día 4
Hoy fue la unidad 124-00-82 Que, dicho sea de paso, traía el ""82"" borrado en todas partes.",Seguridad,Seguridad
31,"Franelero causa daño a mi vehículo, sobre calle Tlacoquemecatl entre san Francisco y fresas, me comunico a sspc vía telefónica, comentan que mandarán apoyo y después de más de 20min no llega ninguna unidad.",Seguridad,Seguridad
32,mi reporte era sobre LA CALLE abandonada llena de basura y con el pavimento en pésimas condiciones. NO sobre la camioneta,Recolección de basura,Recolección de basura
33,Hay coladera abierta sobre la lateral de circuito interior les paso foto y ubicación espero hagan algo pronto es casi saliendo metro terminal aérea frente al Hotel Fiesta Inn,Baches y pavimento,Baches y pavimento
34,"Alcade

las luminarias de Pinos y Río Chico en la Unidad Independencia llevan días así",Alumbrado público,Alumbrado público
35,"Podrían repavimentar la calle de Arq. Carlos Lazo, de Arq Luis Ruiz, a Periférico, Tacubaya, 11870, se encuentra destruida por los camiones",Baches y pavimento,Baches y pavimento
36,"Buenos días nos solicitan el apoyo debido ala falta de agua y de presión en algunas zonas de

podría hacer sus denuncia vía telefónica con Locatel para que transfiera al área oh en la página de",Fuga de agua,Fuga de agua
37,".

buenos días ya tendrían respuesta sobre el balizado",No es posible determinar,No es posible determinar
38,"socavón en calle Don Juan esquina calle Carmen

Lleva semanas y ya están aventando cascajo.

Favor de atender",Recolección de basura,Recolección de basura
39,"Crece y crece el campamento de indigentes
Acumulan basura, defecan al aire libre, consumen drogas, hay algunos que necesitan atención médica
Ayúdenos a retirarlos

camellón sobre ferrocarril hidalgo entre Henry Ford y a Noe",Seguridad,Seguridad
40,"La servidora pública con antecedentes de desvío se recursos sigue ensuciando la

con campañas anticipadas

Pedimos a

ayuda
tomada en
Murguia y Progreso

basta de basura",Recolección de basura,Recolección de basura
41,"constantemente la calzada san bartolo naucalpan se llena de basura, tanto de hojas de los árboles, como de la gente que tira en la calle y tiraderos clandestinos ¿Cómo se puede solicitar una cuadrilla que sea constante para que pase a barrer y retirar desechos?",Recolección de basura,Recolección de basura
42,"Más coladeras tapadas sobre av reforma, pónganse a trabajar los de

para limpiar esas coladeras",Fuga de agua,Fuga de agua
43,todas las coladera sobre paseo de la reforma desde el monumento a Colón hasta metro Juárez tapadas.,Fuga de agua,Fuga de agua
44,"Hola

URGE SU ATENCIÓN EN LA CALLE ARENAL POR FUGA DE AGUA, tenemos semanas así, y nada de atención!",Fuga de agua,Fuga de agua
45,su apoyo para tapar bache en Calle Fernando Espinosa Gutiérrez esquina con Av Vasco de Quiroga en Col Sta Fe. Frente a centro comercial Patio Sta Fe.,Baches y pavimento,Baches y pavimento
46,"Canal de Chalco está lleno de BACHES, desde el Periférico hasta Heberto Castillo, ambos sentidos.

ya tiene conocimiento.
CCP",Baches y pavimento,Baches y pavimento
47,"Oye

donde puedo denunciar un establecimiento de eventos culturales que permite que fumen cigarro y mariguana en lugares cerrados y sin cero ventilación?",Seguridad,Seguridad
48,"Buen día

Solicito apoyo urgente para retirar dos cables caídos sobre la banqueta y que atraviesan las entradas de varias casas. Calle Tebas 110, col. Clavería.",Alumbrado público,Recolección de basura
49,"Fuga de agua en Circuito Interior por la Salida 12-C, después del cruce con Calz. De la Viga. El puente peatonal que se observa en el video se encuentra en Sur 103-A y Circuito Interior, col. Sector Popular, Iztapalapa",Fuga de agua,Fuga de agua
50,"la cancha básquet tiene por objeto jugar basquetbol, no sus kermeses.

No sirve de nada denunciar porque no hacen nada.",No es posible determinar,No es posible determinar
51,He hablado y he ido a lss oficinas. Su respuesta fue que como mis placas son del edomex debo ir a las oficinas de REPUVE en EDOMEX pero en EDOMEX no hay oficinas. Entonces donde me pueden resolver????,No es posible determinar,No es posible determinar
52,"Río Churubusco, es en el camellón, frente a sur 103a, colonia sector popular. Iztapalapa cp 09060. Son el colmo. Más de 24 horas desperdiciándose el agua…..",Fuga de agua,Fuga de agua
53,"911 es en el ecoducto entre insurgentes y Chilpancingo Cuauhtémoc para abrir un ticket más que se cerrara sin hacer nada, iluminar, limpiar, pintar ./..",Alumbrado público,Alumbrado público
54,de su apoyo para reparación del pavimento en el cruces de Adolfo Prieto y parroquia está lleno de baches !! No queremos parques queremos reparación de las calles al 100%,Baches y pavimento,Baches y pavimento
55,"BASURA JUNTO AL FARO COSMOS ,Calz México-Tacuba, Tlaxpana, Miguel Hidalgo, 11370 Ciudad de México, CDMX. Sobre Avenida Melchor Ocampo. REPORTE 2, basura arriba del puente Peatonal av Melchor Ocampo frente al número 49 esquina Nezahualpilli",Recolección de basura,Recolección de basura
56,Buenos Días Levanto Reporte A Taxi A-9642-A El Cual El Chófer Es Una Persona Prepotente Y Altanera Que No Respeta La Tarifa Correspondiente Además De Traer Una Unidad En Muy Mal Estado Y Tarjeton Vencido Desde 2021 Con 5 Años Vencido.,Seguridad,Seguridad
57,"Pueden reparar la luminaria sobre Observatorio frente al número 87,

Tacubaya, 11870",Alumbrado público,Alumbrado público
58,"Apoyo en la calle de Santa María la Ribera entre eje 1 y Sorjuana

manden una patrulla y muevan a todos estos que están en 2ble fila ya es insoportable. No poder llegar a tu casa con calma",Seguridad,Seguridad
59,"Buena tarde, compartimos su reporte con

, para la atención correspondiente, así mismo, le proporcionamos su número para recibir mayor orientación: 55 5208 9898.

Le atiende Eréndira H.",Desechar,Desechar
60,"Nuevamente, el Hyundai HB20 blanco, placas NDM-528-A (Edomex), permanece estacionado desde hace varios días frente a Campeche 175, apropiándose de manera prolongada de un espacio en la vía pública.",Seguridad,Seguridad
61,"Viva la narvarte, verdad?

cada 2 o 3 días hay esta cantidad de basura en la glorieta SCOP, lo he denunciado varias veces y nada. Pero que tal para cerrar negocios sino pagan???",Recolección de basura,Recolección de basura
62,"BACHE JUNTO A LA ESTACIÓN DE BOMBEROS DE SANTA FE

Solicito apoyo para atender este bache sobre Av. Tamaulipas, a la altura de la Estación de Bomberos de Santa Fe, en Contadero, Cuajimalpa.

Av. Tamaulipas, Santa Fe, Contadero, Cuajimalpa de Morelos, CDMX.

Es una zona",Baches y pavimento,Baches y pavimento
63,"@TlalpanAl Favor de cambiar la lámpara de calle Petenes, col. Pedregal de Santa Úrsula Xitla entre los lotes 19 y 20 de la manzana 12, ya que es indispensable para los transeúntes, urge, gracias",Alumbrado público,Alumbrado público
64,"en avenida México santa cruz Acalpixca, entre 2 de abril y Pedro Benavides hay una coladera que lleva más de un mes sin tapa y también está obstruida lo que provoca que el agua fétida salga a la calle provocando un foco de infección",Fuga de agua,Fuga de agua
65,¿Cómo cuánto tiempo se tardan en poder arreglar unos semi-socavones que reporté hace casi un mes? Cada vez más grandes y más peligrosos.,Baches y pavimento,Baches y pavimento
66,el verificentro CU83 deja de dar servicio a las 3 cuando su horario explícitamente dice hasta las 8 pm los sábados,Seguridad,Seguridad
67,Se solicita reparar socavón en Mar Adriático núm 2 entre Mar de Irlanda y Marina nacional col Popotla,Baches y pavimento,Baches y pavimento
